Player,Rating,Position,Bird,FA,team_id,t1,t2,t3,t4,t5,t6,o1,o2,o3,o4,o5,o6,Minimum,Maximum,caphold,FechaNacimiento
Nikola Jokic,98,C,10,,3,50469379,54506929,0,0,0,0,,,,,,0,57750000,57750000,46730906,1995-02-19
Shai Gilgeous-Alexander,98,PG/SG,8,,9,41494913,0,0,0,0,0,,,,,,0,57750000,57750000,38421216,1998-07-12
Giannis Antetokounmpo,97,PF/C,5,,21,56832773,59674411,62658132,65791038,0,0,,,,,,0,57750000,57750000,54126450,1994-12-06
Luka Doncic,97,PG/SG,8,,23,56832773,59674411,62658132,65791038,0,0,,,,,,0,57750000,57750000,54126450,1999-02-28
Victor Wembanyama,97,C/PF,3,R,15,11010462,0,0,0,0,0,,,,,,,57750000,57750000,27454500,2004-01-04
Anthony Edwards,96,SG/SF,6,,21,36411298,39324202,0,0,0,0,,,,,,0,57750000,57750000,33714165,2001-08-05
Jalen Brunson,96,PG,1,,12,56832773,59674411,62658132,0,0,0,,,,,,0,57750000,57750000,0,1996-08-31
Cade Cunningham,95,PG/SG,5,,15,34846142,37633833,40644540,0,0,0,,,,,,0,53707500,57750000,32264946,2001-09-25
Jaylen Brown,95,SF/SG,10,,10,51404186,55516521,59957842,0,0,0,,,,,,0,54285000,57750000,47596468,1996-10-24
Kawhi Leonard,95,SF/PF,15,,5,59080492,63806932,0,0,0,0,,PO,,,,0,53130000,57750000,54704160,1991-06-29
Stephen Curry,95,PG/SG,4,,28,56832773,59674411,62658132,65791038,0,0,,,,PO,,0,53130000,57750000,54126450,1988-03-14
Devin Booker,93,SG/PG,11,,17,48752451,51190073,0,0,0,0,,,,,,0,47355000,57750000,46430906,1996-10-30
Donovan Mitchell,93,SG/PG,2,,18,46635750,48967537,0,0,0,0,,PO,,,,0,47355000,57750000,0,1996-09-07
Jayson Tatum,93,PF/SF,9,,2,49194553,53130117,57380527,61970969,0,0,,,,,,0,47355000,57750000,45550512,1998-03-03
Kevin Durant,93,SF/SG,6,,27,50048801,0,0,0,0,0,,,,,,0,45622500,57750000,46341482,1988-09-29
Tyrese Haliburton,93,PG/SG,6,,8,39074400,42200352,45576380,0,0,0,,,,,,0,46200000,57750000,36180000,2000-02-29
Tyrese Maxey,93,PG/SG,6,,21,36411298,39324202,0,0,0,0,,,,,,0,46200000,57750000,33714165,2000-11-04
Anthony Davis,92,C/PF,5,,19,57561840,62166787,67140129,0,0,0,,,,,,0,46200000,54285000,53298000,1993-03-11
Joel Embiid,92,C,10,,5,50469379,54506929,0,0,0,0,,,,,,0,46200000,54285000,46730906,1994-03-16
LeBron James,92,SF/PF,8,,17,46765253,50506473,54546991,58910750,0,0,,,,,,0,44467500,53130000,55780047,1984-12-30
Karl-Anthony Towns,91,C/PF,10,,16,43693558,47189043,0,0,0,0,,,,,,0,44467500,49087500,40456998,1995-11-15
Kyrie Irving,90,PG/SG,3,,20,0,0,0,0,0,0,,,,,,,42157500,47355000,50604750,1992-03-23
Bam Adebayo,89,C/PF,9,,27,46765253,50506473,54546991,58910750,0,0,,,,,,0,38692500,46200000,38093691,1997-07-18
Jalen Johnson,89,PF/SF,4,,18,36750000,38587500,40516875,0,0,0,,,,,,0,37537500,45045000,35000000,2001-12-18
Jamal Murray,89,PG/SG,10,,2,43693558,47189043,0,0,0,0,,,,,,,38692500,46200000,40456998,1997-02-23
James Harden,89,PG/SG,13,,29,52500000,55125000,57881250,0,0,0,,,PO,,,0,36960000,44467500,50000000,1989-08-26
Scottie Barnes,89,PF/PG,5,,30,34099664,35804647,37594879,39474623,0,0,,,,,,0,37537500,45045000,32475870,2001-08-01
Trae Young,89,PG,8,,25,56832773,59674411,62658132,65791038,0,0,,,,,,,37537500,44467500,54126450,1998-09-19
Alperen Sengun,88,C/PF,5,,11,48825000,51266250,53829563,56521041,0,0,,,,,,,35227500,41002500,46500000,2002-07-25
Cooper Flagg,88,SF/PF,1,R,3,12097900,12673900,12673900,,,0,,TO,TO,,,0,35227500,42157500,28804000,2006-12-21
Damian Lillard,88,PG,5,,17,57561840,62166787,67140129,0,0,0,,,TO,,,0,35805000,42735000,53298000,1990-07-15
Deni Avdija,88,PF/SG,4,,1,23328000,25194240,27209780,0,0,0,,,,,,0,36382500,43312500,21600000,2001-01-03
Jimmy Butler,88,SF/PF,15,,13,50048801,0,0,0,0,0,,,,,,0,35805000,42735000,46341482,
Lamelo Ball,88,PG/SG,5,,30,41115600,44404848,47957235,0,0,0,,,,,,0,36382500,43312500,38070000,2001-08-22
OG Anunoby,88,SF/PF,9,,30,46765253,50506473,54546991,58910750,0,0,,,,,,0,37537500,44467500,25849290,1997-07-17
Paolo Banchero,88,PF/SF,4,R,20,0,0,0,0,0,0,,,,,,0,36382500,43312500,25385542,2002-11-12
Stephon Castle,88,SG/PG,2,R,5,8371100,10589442,0,0,0,0,,TO,,,,,35227500,42157500,19976250,2004-11-01
Amen Thompson,87,SG/SF,3,R,2,7976582,0,0,0,0,0,,,,,,0,34072500,39847500,19888750,2003-01-30
Austin Reaves,87,SG/PG,2,,6,22739062,23876015,0,0,0,0,,PO,,,,0,36382500,42157500,0,1998-05-29
Brandon Miller,87,SF/PF,3,R,3,8846894,0,0,0,0,0,,,,,,,35227500,41002500,22059000,2002-11-22
Chet Holmgren,87,PF/C,4,R,9,0,0,0,0,0,0,,,,,,0,35227500,41002500,28223997,2002-05-01
Evan Mobley,87,PF/C,5,,2,56832773,59674411,62658132,0,0,0,,,,,,0,35227500,41002500,54126450,2001-06-18
Franz Wagner,87,SF/PF,5,,24,49875000,52368750,54987188,0,0,0,,,,,,0,35227500,41002500,47500000,2001-08-27
Ja Morant,87,PG/SG,7,,10,42057816,45422441,0,0,0,0,,,,,,0,35227500,41002500,38942422,1999-08-10
Jalen Williams,87,SF/PF,3,R,23,0,0,0,0,0,0,,,,,,0,35227500,41002500,12900960,2001-04-14
Keyonte George,87,PG/SG,3,R,28,3531558,0,0,0,0,0,,,,,,0,34072500,39847500,8782000,2003-11-08
Lauri Markkanen,87,PF/SF,9,,10,36411298,39324202,0,0,0,0,,,,,,0,36382500,42157500,33714165,1997-05-22
Pascal Siakam,87,PF/SF,10,,7,51404186,55516521,59957842,0,0,0,,,,,,0,36382500,42157500,47596468,1994-04-02
Tyler Herro,87,SG/PG,7,,20,35749143,38609075,0,0,0,0,,,,,,0,35227500,41002500,33101059,2000-01-20
Ausar Thompson,86,SF/PF,1,R,4,7223034,0,0,0,0,0,,,,,,,24832500,36382500,18009500,2003-01-30
Brandon Ingram,86,SF/SG,8,,14,49194553,53130117,57380527,61970969,0,0,,,,,,0,27142500,38692500,45550512,1997-09-02
DeAaron Fox,86,PG/SG,9,,22,49194553,53130117,57380527,61970969,0,0,,,,,,0,27142500,38692500,45550512,1997-12-20
Desmond Bane,86,SG/SF,6,,15,26725140,28863151,31172203,0,0,0,,,,,,0,27142500,38692500,24745500,1998-06-25
Domantas Sabonis,86,C,1,,12,56832773,59674411,62658132,0,0,0,,,,,,0,27142500,38692500,0,1996-05-03
Jaren Jackson Jr.,86,PF/C,8,,14,56832773,59674411,62658132,65791038,0,0,,,,PO,,0,25987500,37537500,54126450,1999-09-15
Jarrett Allen,86,C,9,,14,0,0,0,0,0,0,,,,,,0,27142500,38692500,24488801,1998-04-21
Kon Knueppel,86,SF/SG,1,R,12,7935900,8313800,8313800,,,0,,TO,TO,,,0,24832500,36382500,18895500,2005-08-03
Michael Porter Jr.,86,SF/PF,8,,1,0,0,0,0,0,0,,,,,,,27142500,38692500,22674816,1998-06-29
Zion Williamson,86,PF/SF,5,,4,42200352,0,0,0,0,0,,,,,,,35227500,41002500,39074400,2000-07-06
Darius Garland,85,PG/SG,7,,26,42200352,45576380,0,0,0,0,,,,,,0,23677500,36382500,39074400,2000-01-26
Derrick White,85,SG/PG,5,,13,39657600,42830208,46256624,0,0,0,,,TO,,,0,24832500,37537500,36720000,1994-07-02
Dylan Harper,85,PG/SG,1,R,5,10824200,11339800,11339800,,,0,,TO,TO,,,0,22522500,35227500,25771500,2006-03-02
Ivica Zubac,85,C,10,,18,0,0,0,0,0,0,,,,,,0,24832500,37537500,17006112,1997-03-18
Jaden McDaniels,85,SF/PF,5,,9,29985775,0,0,0,0,0,,,,,,,23677500,36382500,27764607,2000-09-29
Jalen Duren,85,C,4,R,1,0,0,0,0,0,0,,,,,,0,22522500,35227500,17265650,2003-11-18
Julius Randle,85,PF/C,5,,26,37441440,40436755,43671695,0,0,0,,,TO,,,0,24832500,37537500,34668000,1994-11-29
Norman Powell,85,SF/SG,2,,29,14112000,14817600,0,0,0,0,,PO,,,,0,24832500,37537500,0,1993-05-25
Rudy Gobert,85,C,4,,8,39900000,41895000,0,0,0,0,,TO,,,,0,24832500,37537500,38000000,1992-06-26
Trey Murphy III,85,SF/SG,1,,5,18149262,19056725,20009561,21010039,0,0,,,,TO,,0,23677500,36382500,0,2000-06-18
Ajay Mitchell,84,PG/SG,2,,11,3528000,3704400,0,0,0,0,,,,,,0,21367500,35227500,0,2002-06-25
Alexandre Sarr,84,C/PF,2,R,6,11555400,14571359,0,0,0,0,,TO,,,,0,20212500,34072500,22060600,
Dejounte Murray,84,PG/SG,10,,19,43693558,47189043,0,0,0,0,,,,,,0,22522500,36382500,40456998,1996-09-19
DeMar DeRozan,84,SF/PF,17,,9,0,0,0,0,0,0,,,,,,0,20790000,34650000,34167715,1989-08-07
Dillon Brooks,84,SF/SG,9,,20,20785248,22448067,0,0,0,0,,,,,,0,22522500,36382500,19245600,1996-01-22
Immanuel Quickley,84,PG/SG,1,,20,26453952,28570268,0,0,0,0,,,,,,0,21367500,35227500,0,1999-06-17
Isaiah Hartenstein,84,C,1,,9,29925000,31421250,32992313,0,0,0,,,,,,0,22522500,36382500,0,1998-05-05
Mikal Bridges,84,SG/SF,8,,16,31121185,0,0,0,0,0,,,,,,0,22522500,36382500,28815912,1996-08-30
Saddiq Bey,84,PF/SF,6,,26,14390460,15541696,16785031,0,0,0,,,,,,0,16747499,23677500,13324500,1999-04-09
Aaron Gordon,83,PF,1,,19,20592431,21622052,0,0,0,0,,TO,,,,0,20212500,27142500,0,1995-09-16
Ayo Dosunmu,83,SG/SF,5,,1,14390460,15541696,16785031,0,0,0,,,TO,,,0,19057500,25987500,13324500,2000-01-17
C.J. McCollum,83,PG/SG,13,,11,0,0,0,0,0,0,,,,,,0,18480000,25410000,34012224,1991-09-19
Cason Wallace,83,SG/PG,3,R,4,5486984,0,0,0,0,0,,,,,,0,17902500,24832500,10944200,2003-11-07
Donovan Clingan,83,C,2,R,21,9284600,11735734,0,0,0,0,,TO,,,,0,20212500,34072500,17724400,2004-02-23
Dyson Daniels,83,SG/SF,4,R,24,0,0,0,0,0,0,,,,,,0,17902500,24832500,11668566,2003-03-17
Josh Giddey,83,PG/SG,5,,16,31258024,32820926,34461972,36185070,0,0,,,,,,0,19057500,25987500,29769547,2002-10-10
Kristaps Porzingis,83,C/PF,11,,26,51404186,55516521,59957842,0,0,0,,,,,,0,22522500,36382500,47596468,1995-08-02
Nickeil Alexander-Walker,83,SG/SF,7,,8,7891465,0,0,0,0,0,,,,,,0,20212500,27142500,7306912,1998-09-02
Paul George,83,SF/PF,2,,6,54408375,57128793,0,0,0,0,,PO,,,,0,18480000,25410000,0,1990-05-02
R.J. Barrett,83,SG/SF,7,,7,0,0,0,0,0,0,,,,,,,19057500,25987500,29160000,2000-06-14
Shaedon Sharpe,83,SG/SF,3,R,20,0,0,0,0,0,0,,,,,,0,17902500,24832500,16619744,2003-05-30
Tobias Harris,83,PF/SF,1,,29,14910000,15655500,0,0,0,0,,,,,,0,20212500,27142500,0,1992-07-15
Ty Jerome,83,PG/SG,0,,31,0,0,0,0,0,0,,,,,,0,20212500,27142500,0,1997-07-08
VJ Edgecombe,83,SG/PG,1,R,2,9719900,10183200,10183200,,,0,,TO,TO,,,0,17902500,24832500,18514800,2005-07-30
Walker Kessler,83,C,1,R,22,0,0,0,0,0,0,,,,,,0,19057500,25987500,8093076,2001-07-26
Zach LaVine,83,SG/SF,12,,28,46765253,50506473,54546991,58910750,0,0,,,,,,0,20212500,27142500,36117900,1995-03-10
Alex Caruso,82,SG/PG,5,,8,31500000,33075000,34728750,0,0,0,,,PO,,,0,17902500,24832500,30000000,1994-02-28
Andrew Nembhard,82,PG/SG,4,,24,29347500,30814875,32355619,33973400,0,0,,,,,,0,16747499,23677500,27950000,2000-01-16
Anthony Black,82,SF/PG,3,R,28,4329102,0,0,0,0,0,,,,,,,17902500,24832500,8625600,2004-01-20
Bennedict Mathurin,82,SF/SG,3,R,19,0,0,0,0,0,0,,,,,,0,16747499,23677500,15107712,2002-06-19
Devin Vassell,82,SF/SG,5,,30,27410400,29603232,31971490,0,0,0,,,,,,0,16747499,23677500,25380000,2000-08-23
Isaiah Collier,82,PG/SG,2,R,6,2935900,4676889,0,0,0,0,,TO,,,,0,15592500,22522500,5604800,2004-10-08
Jabari Smith Jr.,82,PF/SF,3,R,23,0,0,0,0,0,0,,,,,,0,15592500,22522500,25215964,2003-05-13
Jalen Green,82,SG/PG,1,,5,35700000,37485000,39359250,41327213,0,0,,,,,,,16747499,23677500,0,2002-02-09
Josh Hart,82,PF/SF,8,,27,24669360,26642908,0,0,0,0,,PO,,,,0,17902500,24832500,22842000,1995-03-06
Jrue Holiday,82,PG/SG,0,,31,0,0,0,0,0,0,,,,,,0,16170000,23100000,0,1990-06-12
Julian Champagnie,82,SF/SG,0,,31,0,0,0,0,0,0,,,,,,0,16747499,23677500,0,2001-06-29
Jusuf Nurkic,82,C,1,,25,13650000,14332500,15049125,0,0,0,,,,,,0,17902500,24832500,0,1994-08-23
Kevin Porter Jr.,82,SG/PG,6,,29,0,0,0,0,0,0,,,,,,,16747499,23677500,22272408,2000-05-04
Kyshawn George,82,SF/SG,2,R,14,1800000,0,0,0,0,0,,,,,,0,15592500,22522500,3600000,2003-12-12
Mark Williams,82,C,4,R,15,0,0,0,0,0,0,,,,,,0,16747499,23677500,11093264,2001-12-16
Matas Buzelis,82,PF/SF,1,R,5,5292800,6743027,0,0,0,0,,TO,,,,,15592500,22522500,10104600,2004-10-13
Naz Reid,82,C/PF,2,,28,27866249,29259561,0,0,0,0,,,,,,0,16747499,23677500,0,1999-08-26
Onyeka Okongwu,82,C,6,,4,18502021,19982182,21580756,0,0,0,,,,,,0,16747499,23677500,17131501,2000-12-11
Payton Pritchard,82,PG,2,,13,2894062,0,0,0,0,0,,,,,,0,17902500,24832500,0,1998-01-28
Peyton Watson,82,PF/SF,4,,3,14910000,15655500,16438275,0,0,0,,,PO,,,0,16747499,23677500,14200000,2002-09-11
Ryan Rollins,82,PG/SG,0,,31,0,0,0,0,0,0,,,,,,0,16747499,23677500,0,2002-07-03
Zach Edey,82,C,2,R,13,6885000,8730180,0,0,0,0,,TO,,,,0,16747499,23677500,13143800,2002-03-14
Ace Bailey,81,SF/SG,1,R,28,8763800,9181300,9181300,0,0,0,,TO,TO,,,0,13282500,20212500,16692800,2006-08-13
Andrew Wiggins,81,SF/PF,10,,22,0,0,0,0,0,0,,,,,,0,15592500,22522500,32711636,1995-02-23
Brandin Podziemski,81,SG/PG,3,R,26,2388883,0,0,0,0,0,,,,,,0,13282500,20212500,4739800,2003-02-25
Brice Sensabaugh,81,SF/PF,3,R,2,2229202,0,0,0,0,0,,,,,,0,13282500,20212500,4422800,2003-10-30
Coby White,81,SG/PG,3,,2,0,0,0,0,0,0,,,,,,0,14437500,21367500,11025000,2000-02-16
Collin Gillespie,81,PG,1,,30,2625000,0,0,0,0,0,,,,,,0,14437500,21367500,0,1999-06-25
Collin Murray-Boyles,81,PF/SF,1,R,24,3676000,3851000,3851000,,,0,,TO,TO,,,0,12127500,17902500,7001800,2005-06-10
Collin Sexton,81,SG/PG,8,,9,0,0,0,0,0,0,,,,,,,14437500,21367500,18895680,1999-01-04
Grayson Allen,81,SF/SG,7,,21,0,0,0,0,0,0,,,,,,,15592500,22522500,7822811,1995-10-08
Jalen Suggs,81,PG/SG,5,,16,34646850,36379193,38198152,0,0,0,,,,,,0,14437500,21367500,32997000,2001-06-03
Jarace Walker,81,PF/SF,3,R,14,5043782,0,0,0,0,0,,,,,,0,13282500,20212500,10060000,2003-09-04
Jerami Grant,81,PF/SF,5,,6,25902828,27975054,30213058,0,0,0,,,,,,0,15592500,22522500,23984100,1994-03-12
John Collins,81,PF/C,1,,12,14910000,15655500,16438275,0,0,0,,,,,,0,15592500,22522500,0,1997-09-23
Keldon Johnson,81,PF/SF,7,,3,0,0,0,0,0,0,,,,,,0,14437500,21367500,27259595,1999-10-11
Maxime Raynaud,81,C,1,R,16,1800000,1800000,0,,,0,,TO,,,,0,9817500,15592500,1800000,2003-04-07
Miles Bridges,81,PF/SF,4,,17,0,0,0,0,0,0,,,,,,0,15592500,22522500,11923538,1998-03-21
Naji Marshall,81,PF/SF,0,,31,0,0,0,0,0,0,,,,,,0,15592500,22522500,0,1998-01-24
Neemias Queta,81,C,1,,30,2796491,0,0,0,0,0,,,,,,,14437500,21367500,0,1999-07-13
Nicolas Claxton,81,C,1,,10,23100000,24255000,25467750,0,0,0,,,,,,0,14437500,21367500,0,
Rui Hachimura,81,PF/SF,7,,13,10077696,10883911,0,0,0,0,,,,,,0,15592500,22522500,9331200,1998-02-08
Russell Westbrook,81,PG/SF,0,,31,0,0,0,0,0,0,,,,,,,13860000,20790000,0,1988-11-12
Santi Aldama,81,PF/C,1,,23,14910000,15655500,0,0,0,0,,,,,,0,14437500,21367500,0,2001-01-10
Scoot Henderson,81,PG/SG,3,R,12,9851544,0,0,0,0,0,,,,,,0,8662500,13282500,14738700,2004-02-03
T.J. McConnell,81,PG,5,,7,18754814,19692555,20677183,21711042,0,0,,,,PO,,0,15592500,22522500,17861728,1992-03-25
Toumani Camara,81,PF/SF,3,R,3,0,0,0,0,0,0,,,,,,0,14437500,21367500,3600000,2000-05-08
Tre Jones,81,PG,1,,19,4080628,0,0,0,0,0,,,,,,0,14437500,21367500,0,2000-01-08
Will Riley,81,SF/SG,1,R,19,2436300,2552200,2552200,,,0,,TO,TO,,,0,13282500,20212500,4639800,2006-02-10
Aaron Nesmith,80,SF/PF,6,,8,14390460,15541696,16785031,0,0,0,,,TO,,,0,13282500,19057500,13324500,1999-10-16
Anfernee Simons,80,PG/SG,1,,25,23625000,24806250,26046563,0,0,0,,,PO,,,0,13282500,19057500,0,1999-06-08
Bobby Portis,80,C/PF,6,,13,24669360,26642908,0,0,0,0,,TO,,,,0,14437500,20212500,22842000,1995-02-10
Brandon Williams,80,PG/SG,0,,27,2625000,0,0,0,0,0,,,,,,0,13282500,19057500,0,1999-11-22
Cameron Johnson,80,SF/PF,7,,26,32752512,0,0,0,0,0,,,,,,,14437500,20212500,30326400,1996-03-03
Cedric Coward,80,SG/SF,1,R,15,5000900,5239100,5239100,,,0,,TO,TO,,,0,12127500,17902500,9525200,2003-09-11
Christian Braun,80,SG/SF,3,R,6,0,0,0,0,0,0,,,,,,0,13282500,19057500,8878258,2001-04-17
Daniel Gafford,80,C,7,,7,11992030,0,0,0,0,0,,,,,,0,14437500,20212500,11103731,1998-10-01
Daniss Jenkins,80,PG/SG,1,,24,3307500,3472875,3646518,0,0,0,,,,,,0,13282500,19057500,0,2001-08-17
Derik Queen,80,C/PF,1,R,7,5541300,5805000,5805000,,,0,,TO,TO,,,0,12127500,17902500,10554200,2004-12-27
Donte DiVincenzo,80,PG/SG,8,,8,0,0,0,0,0,0,,,,,,,14437500,20212500,9825754,1997-01-31
Duncan Robinson,80,SG/SF,1,,21,4830000,0,0,0,0,0,,,,,,0,10972500,15592500,0,1994-04-22
Fred VanVleet,80,PG,6,,7,33825600,36531648,39454179,0,0,0,,,,,,0,14437500,20212500,31320000,1994-02-25
G.G. Jackson,80,PF/SF,1,R,26,0,0,0,0,0,0,,,,,,0,12127500,17902500,3600000,2004-12-17
Gui Santos,80,PF/SF,0,,22,2625000,0,0,0,0,0,,,,,,,13282500,19057500,0,2002-06-22
Jaime Jaquez Jr.,80,PF/SF,2,R,17,2213073,0,0,0,0,0,,,,,,0,13282500,19057500,4390800,2001-02-18
Jakob Poeltl,80,C,9,,28,27204187,0,0,0,0,0,,,,,,0,14437500,20212500,25908750,1995-10-15
Jared McCain,80,PG/SG,2,R,12,3185800,4906132,0,0,0,0,,TO,,,,0,12127500,17902500,6081400,2004-02-20
Jeremiah Fears,80,PG/SG,1,R,1,6028100,6315200,6315200,0,0,0,,TO,TO,,,,12127500,17902500,11482000,2006-10-14
Kel’el Ware,80,C/PF,2,R,5,4776800,6338814,0,0,0,0,,TO,,,,,12127500,17902500,9119200,
Kelly Oubre Jr.,80,SF/PF,11,,19,0,0,0,0,0,0,,,,,,0,14437500,20212500,21920738,1995-12-09
Kyle Kuzma,80,SF/PF,1,,16,7956587,0,0,0,0,0,,,,,,0,14437500,20212500,0,1995-07-24
Luguentz Dort,80,SG/SF,6,,25,0,0,0,0,0,0,,,,,,0,13282500,19057500,19831862,1999-04-19
Malik Monk,80,SG/PG,2,,22,14222250,14933362,0,0,0,0,,,,,,0,14437500,20212500,0,1998-02-04
Marcus Smart,80,SG/PG,10,,14,17427864,0,0,0,0,0,,,,,,,14437500,20212500,16136911,1994-03-06
Mitchell Robinson,80,C,8,,30,23652100,0,0,0,0,0,,,,,,,14437500,20212500,21900093,1998-04-01
Moussa Diabate,80,C/PF,0,,31,0,0,0,0,0,0,,,,,,0,13282500,19057500,0,2002-01-21
Obi Toppin,80,PF/C,2,,11,14222250,14933362,0,0,0,0,,,,,,0,14437500,20212500,0,1998-03-04
P.J. Washington,80,SF/PF,1,,10,14371586,15090166,15844674,0,0,0,,,,,,0,14437500,20212500,0,1998-08-23
Pelle Larsson,80,SG/SF,1,R,18,1800000,0,0,0,0,0,,,,,,,13282500,19057500,3600000,2001-02-23
Reed Sheppard,80,PG/SG,2,R,21,7580200,9604113,0,0,0,0,,TO,,,,0,9817500,15592500,10853250,2004-06-24
Robert Williams,80,C/PF,8,,3,27209779,0,0,0,0,0,,,,,,0,14437500,20212500,25194240,
Ryan Kalkbrenner,80,C,1,R,24,1800000,1800000,0,,,0,,TO,,,,0,13282500,19057500,2400000,2002-01-17
Tim Hardaway Jr.,80,SG/SF,4,,14,0,0,0,0,0,0,,,,,,0,14437500,20212500,11923537,1992-03-16
Wendell Carter Jr.,80,C/PF,8,,11,0,0,0,0,0,0,,,,,,0,13282500,19057500,25194240,1999-04-16
Al Horford,79,C/PF,0,,31,0,0,0,0,0,0,,,,,,0,10395000,16170000,0,1986-06-03
Bilal Coulibaly,79,SG/SF,3,R,24,4791340,0,0,0,0,0,,,,,,0,8662500,13282500,7167300,2004-07-26
Cam Spencer,79,PG/SG,2,R,1,1800000,0,0,0,0,0,,,,,,0,10972500,16747499,2700000,2000-04-06
Caris LeVert,79,SG/PG,1,,15,9812250,10302862,0,0,0,0,,TO,,,,0,12127500,17902500,0,1994-08-25
Davion Mitchell,79,PG/SG,1,,19,14910000,15655500,16438275,0,0,0,,,PO,,,0,12127500,17902500,0,1998-09-05
Deandre Ayton,79,C,8,,4,31291246,0,0,0,0,0,,,,,,,12127500,17902500,28973376,1998-07-23
DeAndre Hunter,79,SF/PF,7,,15,25306714,27331251,0,0,0,0,,PO,,,,0,12127500,17902500,23432143,1997-12-02
DeAnthony Melton,79,SG/PG,1,,17,7246178,0,0,0,0,0,,,,,,,12127500,17902500,0,1998-05-28
Dereck Lively II,79,C,3,R,24,4554545,0,0,0,0,0,,,,,,0,9817500,15592500,6809550,2004-02-12
Derrick Jones Jr,79,PF/SF,3,,17,7056000,7408800,0,0,0,0,,PO,,,,0,12127500,17902500,6720000,1997-02-15
Draymond Green,79,PF/C,0,,31,0,0,0,0,0,0,,,,,,,10395000,16170000,0,1990-03-04
Gary Payton II,79,SG/PG,0,,31,0,0,0,0,0,0,,,,,,0,12127500,17902500,0,1992-12-01
Herb Jones,79,SF/PF,5,,11,27993600,30233088,32651735,0,0,0,,,,,,0,12127500,17902500,25920000,
Isaiah Joe,79,SG/PG,0,,31,0,0,0,0,0,0,,,,,,0,10972500,16747499,0,1999-07-02
Jalen Smith,79,C/PF,5,,4,14222250,14933362,0,0,0,0,,PO,,,,0,10972500,16747499,13545000,2000-03-16
Jaxson Hayes,79,C/PF,7,,14,0,0,0,0,0,0,,,,,,0,10972500,16747499,8748000,2000-05-23
Jay Huff,79,C,0,,31,0,0,0,0,0,0,,,,,,0,12127500,17902500,0,1997-08-25
Jaylen Wells,79,SF/SG,2,R,6,1800000,0,0,0,0,0,,,,,,,7507500,12127500,2700000,2003-08-26
Jaylin Williams,79,C/PF,1,,10,14910000,15655500,16438275,0,0,0,,,TO,,,0,10972500,16747499,0,2002-06-29
Jonas Valanciunas,79,C,1,,6,13650000,14332500,15049125,0,0,0,,,TO,,,0,12127500,17902500,0,1992-05-06
Jonathan Kuminga,79,PF/SF,2,,1,15458514,16231439,17043011,17895162,0,0,,,,TO,,0,10972500,16747499,0,2002-10-06
Keegan Murray,79,PF/SF,4,R,16,0,0,0,0,0,0,,,,,,0,10972500,16747499,9505846,2000-08-19
Kyle Filipowski,79,PF/C,2,R,14,2327000,4200235,0,0,0,0,,TO,,,,0,9817500,15592500,3331950,2003-11-07
Marvin Bagley III,79,C/PF,8,,13,16597965,0,0,0,0,0,,,,,,0,10972500,16747499,15368486,1999-03-14
Max Strus,79,SF/SG,1,,13,7956587,8354416,0,0,0,0,,TO,,,,0,12127500,17902500,0,1996-03-28
Miles McBride,79,SG/PG,1,,13,14910000,15655500,16438275,0,0,0,,,PO,,,0,10972500,16747499,0,2000-09-08
Moses Moody,79,SF/SG,5,,3,10628100,11159505,11717480,12303354,0,0,,,,,,0,10972500,16747499,10122000,2002-05-31
Nikola Vucevic,79,C,14,,29,0,0,0,0,0,0,,,,,,0,10395000,16170000,26625375,1990-10-24
Paul Reed Jr.,79,C/PF,0,,18,2625000,0,0,0,0,0,,,,,,,10972500,16747499,0,
Precious Achiuwa,79,PF/C,6,,29,14463360,15620428,0,0,0,0,,,,,,,7507500,10972500,13392000,1999-09-19
Quentin Grimes,79,SG/SF,1,,30,17800237,18690249,19624762,20606000,0,0,,,,TO,,0,10972500,16747499,0,2000-05-08
Sandro Mamukelashvili,79,C/PF,0,,31,0,0,0,0,0,0,,,,,,0,10972500,16747499,0,1999-05-23
Tari Eason,79,SF/PF,4,R,24,0,0,0,0,0,0,,,,,,0,10972500,16747499,7995468,2001-05-10
Aaron Wiggins,78,SF/PF,0,,31,0,0,0,0,0,0,,,,,,0,9817500,14437500,0,1999-01-02
Brook Lopez,78,C,1,,16,14222250,14933362,0,0,0,0,,PO,,,,0,9240000,13860000,0,1988-04-01
Carlton Carrington,78,PG/SG,1,R,25,3335800,5130460,0,0,0,0,,TO,,,,,7507500,12127500,4775850,
DayRon Sharpe,78,C,1,,25,14910000,15655500,16438275,0,0,0,,,PO,,,0,9817500,14437500,0,2001-11-06
Dean Wade,78,PF/SF,1,,13,2625000,0,0,0,0,0,,,,,,0,10972500,15592500,0,1996-11-20
Egor Demin,78,PG/SG,1,R,25,4513400,4728200,4728200,,,0,,TO,TO,,,0,8662500,13282500,6447450,2006-03-03
Isaiah Stewart II,78,C/PF,6,,24,14222250,14933362,0,0,0,0,,PO,,,,0,9817500,14437500,13545000,
Ja’Kobe Walter,78,SG/SF,2,R,3,4538000,6253364,0,0,0,0,,TO,,,,,8662500,13282500,6497700,
Jaden Ivey,78,SG/PG,3,R,14,0,0,0,0,0,0,,,,,,0,9817500,14437500,13743592,
Javonte Green,78,SG/SF,0,,31,0,0,0,0,0,0,,,,,,0,10972500,15592500,0,1993-07-23
Jock Landale,78,C,0,,1,2625000,0,0,0,0,0,,,,,,,12127500,17902500,0,1995-10-25
Jose Alvarado,78,PG/SG,3,,3,0,0,0,0,0,0,,,,,,0,10972500,15592500,11923538,1998-04-12
Josh Minott,78,PF/C,1,,5,2625000,2756250,2894062,0,0,0,,,TO,,,0,9817500,14437500,0,2002-11-25
Justin Champagnie,78,SF/SG,1,,27,2625000,0,0,0,0,0,,,,,,0,9817500,14437500,0,2001-06-29
Kenrich Williams,78,PF/C,0,,31,0,0,0,0,0,0,,,,,,0,10972500,15592500,0,1994-12-02
Klay Thompson,78,SG/SF,15,,18,41980085,0,0,0,0,0,,,,,,0,9240000,13860000,38870449,1990-02-08
Luka Garza,78,C/PF,1,,10,3150000,0,0,0,0,0,,,,,,0,10972500,15592500,0,1998-12-27
Luke Kennard,78,SG/SF,9,,10,0,0,0,0,0,0,,,,,,0,10972500,15592500,6802445,1996-06-24
Luke Kornet,78,C,1,,17,14910000,15655500,16438275,0,0,0,,,PO,,,0,10972500,15592500,0,1995-07-15
Malik Beasley,78,SG/SF,0,,31,0,0,0,0,0,0,,,,,,0,10972500,15592500,0,
Myles Turner,78,C,7,,6,39051072,42175157,0,0,0,0,,PO,,,,0,10972500,15592500,36158400,1996-03-24
Olivier-Maxence Prosper,78,PF/C,0,,9,2625000,0,0,0,0,0,,,,,,,9817500,14437500,0,2002-07-03
Ron Holland II,78,PF/SF,2,R,25,6284900,7981823,0,0,0,0,,TO,,,,0,8662500,13282500,8999400,
Sam Hauser,78,SF/PF,0,,31,0,0,0,0,0,0,,,,,,0,10972500,15592500,0,1997-12-08
Sam Merrill,78,SG/PG,0,,1,2625000,0,0,0,0,0,,,,,,0,10972500,15592500,0,1996-05-15
Tre Johnson,78,SG/SF,1,R,20,7208000,7551400,7551400,,,0,,TO,TO,,,0,8662500,13282500,10297050,2006-05-07
Tristan Da Silva,78,SF/PF,2,R,26,2818300,4636104,0,0,0,0,,TO,,,,0,9817500,14437500,4035300,2001-05-15
Yves Missi,78,C/PF,1,R,20,3057800,4715128,0,0,0,0,,TO,,,,,8662500,13282500,4378500,2004-05-14
Ziaire Williams,78,SF/SG,1,,3,9187500,9646875,10129219,0,0,0,,,,,,0,9817500,14437500,0,2001-09-12
Ben Simmons,77,PG/C,1,,1,14910000,15655500,16438275,0,0,0,,,PO,,,0,9817500,14437500,0,
Bones Hyland,77,PG/SG,0,,31,0,0,0,0,0,0,,,,,,0,8662500,13282500,0,2000-09-14
Bradley Beal,77,SG/SF,14,,22,0,0,0,0,0,0,,,,,,0,9817500,14437500,47617114,1993-06-28
Carter Bryant,77,SF/PF,1,R,14,5263900,5514300,5514300,,,0,,TO,TO,,,0,7507500,12127500,7520100,2005-11-26
Clint Capela,77,C,0,,31,0,0,0,0,0,0,,,,,,,9817500,14437500,0,1994-05-18
Cole Anthony,77,PG/SG,0,,31,0,0,0,0,0,0,,,,,,0,8662500,13282500,0,
Danny Wolf,77,PF/SF,1,R,25,2418400,2533600,2533600,,,0,,TO,TO,,,0,7507500,12127500,3454950,2004-05-05
Dennis Schroder,77,PG/SG,0,,31,0,0,0,0,0,0,,,,,,0,9817500,14437500,0,1993-09-15
Devin Carter,77,PG/SG,2,R,17,3496300,5470124,0,0,0,0,,TO,,,,,8662500,13282500,3492150,2002-03-18
Dylan Caldwell,77,C/PF,1,,24,2940000,3087000,3241350,0,0,0,,,TO,,,,8662500,13282500,0,
Goga Bitadze,77,C,1,,28,14910000,15655500,16438275,0,0,0,,,TO,,,0,8662500,13282500,0,1999-07-20
Harrison Barnes,77,PF/SF,1,,12,13072500,13726125,14412431,0,0,0,,,PO,,,0,9817500,14437500,0,1992-05-30
Isaac Okoro,77,SF/SG,6,,7,12951705,13987841,15106868,0,0,0,,,TO,,,0,8662500,13282500,11992320,2001-01-26
Isaiah Jackson,77,C/PF,5,,21,10302862,0,0,0,0,0,,,,,,0,8662500,13282500,9812250,2002-01-10
Javon Small,77,PG/SG,1,R,30,1800000,1800000,0,0,0,0,,TO,,,,,8662500,13282500,1800000,2002-12-19
Jaylon Tyson,77,SF/PF,1,R,21,1800000,0,0,0,0,0,,,,,,0,14437500,21367500,3600000,2002-12-02
Jordan Clarkson,77,SG/SF,0,,31,0,0,0,0,0,0,,,,,,0,9817500,14437500,0,1992-06-07
Jordan Goodwin,77,SG/SF,1,,22,2625000,0,0,0,0,0,,,,,,,9817500,14437500,0,1998-10-23
Jordan Miller,77,PG/SG,1,,11,2625000,0,0,0,0,0,,,,,,,9817500,14437500,0,2000-01-23
Julian Strawther,77,SF/SG,0,R,22,2625000,2756250,0,0,0,0,,TO,,,,0,5197500,9817500,3750000,2002-04-18
Kasparas Jakucionis,77,PG/SG,1,R,2,3073600,3220000,3220000,0,0,0,,TO,TO,,,,7507500,12127500,4390650,2006-05-29
Keon Ellis,77,SG/PG,3,,24,6829987,0,0,0,0,0,,,,,,0,7507500,10972500,6504750,2000-01-08
Kevin Huerter,77,SF/SG,8,,1,0,0,0,0,0,0,,,,,,,9817500,14437500,8452667,1998-08-27
Kris Dunn,77,SG/PG,3,,18,4630500,0,0,0,0,0,,,,,,0,9817500,14437500,4410000,1994-03-18
Landry Shamet,77,SG/PG,1,,20,2625000,0,0,0,0,0,,,,,,0,9817500,14437500,0,1997-03-13
Max Christie,77,SG/SF,3,,4,14910000,15655500,16438275,0,0,0,,,PO,,,0,7507500,12127500,14200000,2003-02-10
Mike Conley,77,PG,1,,24,13330051,13996553,0,0,0,0,,,,,,0,8085000,12705000,0,1987-10-11
Moe Wagner,77,C/PF,0,,31,0,0,0,0,0,0,,,,,,,9817500,14437500,0,
Nique Clifford,77,SF/SG,1,R,9,4073100,4267000,4267000,,,0,,TO,TO,,,0,8662500,13282500,5818800,2002-02-09
Noah Clowney,77,PF/C,3,R,26,3187155,0,0,0,0,0,,,,,,0,7507500,12127500,4755150,2004-07-14
Nolan Traore,77,PG/SG,1,R,27,3335000,3494200,3494200,,,0,,TO,TO,,,0,7507500,12127500,4764450,2006-05-28
Oso Ighodaro,77,C/PF,2,R,28,1800000,0,0,0,0,0,,,,,,,8662500,13282500,2700000,2002-07-14
Ousmane Dieng,77,C/PF,1,,20,2625000,0,0,0,0,0,,,,,,0,7507500,12127500,0,2003-05-21
Royce ONeale,77,PF/SF,1,,10,3182635,0,0,0,0,0,,,,,,0,9817500,14437500,0,1993-06-05
Scotty Pippen Jr.,77,PG/SG,3,,12,0,0,0,0,0,0,,,,,,0,8662500,13282500,2756250,2000-11-10
Simone Fontecchio,77,SF/PF,0,,31,0,0,0,0,0,0,,,,,,0,9817500,14437500,0,1995-12-09
Steven Adams,77,C,1,,16,14910000,15655500,16438275,0,0,0,,,,,,0,9817500,14437500,0,1993-07-20
Terrence Shannon Jr.,77,SG/SF,2,R,26,2410700,4346492,0,0,0,0,,TO,,,,0,4620000,8662500,2301200,2000-07-30
Tristan Vukcevic,77,C/PF,0,,31,0,0,0,0,0,0,,,,,,0,7507500,12127500,0,2003-03-11
Zaccharie Risacher,77,SF/SG,1,R,16,10339100,13047944,0,0,0,0,,TO,,,,0,8662500,13282500,14803500,2005-04-08
Zach Collins,77,C/PF,0,,31,0,0,0,0,0,0,,,,,,0,9817500,14437500,0,1997-11-19
A.J. Green,76,SF/PG,0,,31,0,0,0,0,0,0,,,,,,0,7507500,10972500,0,1999-09-27
Andre Drummond,76,C,1,,15,14910000,15655500,16438275,0,0,0,,,,,,0,8662500,12127500,0,1993-08-10
Baylor Scheierman,76,SG/SF,0,,31,0,0,0,0,0,0,,,,,,0,7507500,10972500,0,2000-09-26
Cam Thomas,76,SG/SF,3,,25,26725140,28863151,31172203,0,0,0,,,TO,,,,7507500,10972500,24745500,
Cody Williams,76,SF/SG,2,R,6,5027700,6410318,0,0,0,0,,TO,,,,0,6352500,9817500,7199100,2004-11-20
Corey Kispert,76,SF/PF,5,,7,15750000,16537500,17364375,18232594,0,0,,,,PO,,0,7507500,10972500,15000000,1999-03-03
DAngelo Russell,76,PG,2,,15,14222250,14933362,0,0,0,0,,PO,,,,0,8662500,12127500,0,1996-02-23
Deandre Jordan,76,C,1,,19,3360000,3528000,0,0,0,0,,PO,,,,0,6930000,10395000,0,1988-07-21
Dominick Barlow,76,PF/C,0,,31,0,0,0,0,0,0,,,,,,0,6352500,9817500,0,2003-05-26
Gradey Dick,76,SF/SG,3,R,9,4114576,0,0,0,0,0,,,,,,0,6352500,9817500,6145500,2003-11-20
Grant Williams,76,PF/C,7,,5,9284077,10026803,0,0,0,0,,TO,,,,0,8662500,12127500,8596368,1998-11-30
Guerschon Yabusele,76,PF/C,0,,31,0,0,0,0,0,0,,,,,,0,8662500,12127500,0,1995-12-17
Jake LaRavia,76,SF/PF,1,,23,6405000,6725250,7061513,0,0,0,,,PO,,,0,7507500,10972500,0,2001-11-03
Jamal Shead,76,PG/SG,0,,31,0,0,0,0,0,0,,,,,,0,6352500,9817500,0,2002-07-24
Jamir Watkins,76,SG/SF,0,,31,0,0,0,0,0,0,,,,,,0,7507500,10972500,0,2001-07-06
Jamison Battle,76,SF/PF,0,,31,0,0,0,0,0,0,,,,,,0,7507500,10972500,0,2001-05-10
Jarred Vanderbilt,76,PF/SF,1,,25,12747000,13384350,14053568,0,0,0,,,PO,,,0,7507500,10972500,0,1999-04-03
Jordan Poole,76,SG/PG,7,,29,25012590,0,0,0,0,0,,,,,,,7507500,10972500,23159805,1999-06-19
Jordan Walsh,76,PF/SF,1,R,4,2197146,0,0,0,0,0,,,,,,0,6352500,9817500,3269400,2004-03-03
Julian Reese,76,PF/C,0,,31,0,0,0,0,0,0,,,,,,0,6352500,9817500,0,2003-06-30
Justin Edwards,76,SF/SG,1,R,18,0,0,0,0,0,0,,,,,,,6352500,9817500,2700000,2003-12-16
Karlo Matkovic,76,C/PF,0,,31,0,0,0,0,0,0,,,,,,0,7507500,10972500,0,2001-03-30
Kelly Olynyk,76,C/PF,0,,31,0,0,0,0,0,0,,,,,,,6930000,10395000,0,1991-04-19
Kevin Love,76,C/PF,1,,12,4200000,4410000,0,0,0,0,,TO,,,,0,6930000,10395000,0,1988-09-07
Khris Middleton,76,SF/SG,7,,23,0,0,0,0,0,0,,,,,,,8085000,12705000,36576998,1991-08-12
Kobe Brown,76,PF/SF,0,,31,0,0,0,0,0,0,,,,,,0,7507500,10972500,0,2000-01-01
Kobe Sanders,76,SG/SF,0,,9,2625000,0,0,0,0,0,,,,,,0,7507500,10972500,0,2002-05-30
Marcus Sasser,76,PG/SG,2,R,28,0,0,0,0,0,0,,,,,,,5197500,9817500,2700000,2000-09-21
Mason Plumlee,76,C,0,,31,0,0,0,0,0,0,,,,,,0,6930000,10395000,0,1990-03-05
Matisse Thybulle,76,SG/SF,7,,19,15116544,16325867,0,0,0,0,,,,,,0,6352500,10972500,13996800,1997-03-04
Pat Spencer,76,PG/SG,0,,31,0,0,0,0,0,0,,,,,,0,8662500,12127500,0,1996-07-04
Quenton Jackson,76,PG/SG,0,,31,0,0,0,0,0,0,,,,,,0,8662500,12127500,0,1998-09-15
Quinten Post,76,C,2,R,17,1800000,0,0,0,0,0,,,,,,,7507500,10972500,2700000,2000-03-21
Rasheer Fleming,76,PF/C,1,R,17,2719500,2849000,2849000,0,0,0,,TO,TO,,,,6352500,9817500,3885150,2004-07-10
Spencer Dinwiddie,76,PG/SG,0,,31,0,0,0,0,0,0,,,,,,0,8662500,12127500,0,
Svi Mykhailiuk,76,SG/SF,0,,31,0,0,0,0,0,0,,,,,,0,8662500,12127500,0,1997-06-10
Taurean Prince,76,SF/SG,9,,19,9975000,10473750,10997438,0,0,0,,,TO,,,0,8662500,12127500,9500000,1994-03-22
Terance Mann,76,SG/SF,0,,31,0,0,0,0,0,0,,,,,,0,8662500,12127500,0,1996-10-18
Thomas Bryant,76,C,0,,31,0,0,0,0,0,0,,,,,,0,8662500,12127500,0,1997-07-31
Trendon Watford,76,PF/C,0,,31,0,0,0,0,0,0,,,,,,,7507500,10972500,0,2000-11-09
Vit Krejci,76,SF/PG,0,,31,0,0,0,0,0,0,,,,,,0,7507500,10972500,0,2000-06-19
Adem Bona,75,C,1,R,22,2597600,4543202,0,0,0,0,,TO,,,,0,4042500,8662500,3719400,2003-03-28
Asa Newell,75,PF/C,1,R,27,2400800,2515400,2515400,,,0,,TO,TO,,,0,4042500,8662500,3429750,2005-10-05
Ben Saraf,75,PG/SG,1,R,18,1800000,1800000,0,0,0,0,,TO,,,,,4042500,8662500,1800000,2006-04-14
Ben Sheppard,75,SG/SF,1,R,26,0,0,0,0,0,0,,,,,,0,5197500,9817500,2700000,2001-07-16
Bruce Brown Jr.,75,PG/SG,0,,31,0,0,0,0,0,0,,,,,,0,6352500,10972500,0,
Bryce McGowens,75,SF/SG,0,,31,0,0,0,0,0,0,,,,,,0,5197500,9817500,0,2002-11-08
Buddy Hield,75,SG/SF,0,,31,0,0,0,0,0,0,,,,,,0,0,0,0,1992-12-17
Caleb Love,75,PG/SG,1,,30,2625000,2756250,2894063,0,0,0,,,TO,,,0,5197500,9817500,0,2001-09-27
Caleb Martin,75,PF/SF,2,,29,7871850,0,0,0,0,0,,,,,,,6352500,10972500,0,1995-09-28
Cam Whitmore,75,PF/SF,3,R,11,5989027,0,0,0,0,0,,,,,,0,4042500,8662500,8959350,2004-07-08
Cameron Payne,75,PG/SG,0,,31,0,0,0,0,0,0,,,,,,0,6352500,10972500,0,
Dante Exum,75,SG/SF,1,,18,14910000,15655500,16438275,0,0,0,,,PO,,,0,6352500,10972500,0,
Dorian Finney-Smith,75,PF/SF,5,,23,12247200,13226976,14285134,0,0,0,,,TO,,,0,6352500,10972500,11340000,1993-05-04
Drew Eubanks,75,C,0,,31,0,0,0,0,0,0,,,,,,0,6352500,10972500,0,1997-02-01
Dru Smith,75,PG/SG,0,,31,0,0,0,0,0,0,,,,,,0,6352500,10972500,0,1997-12-30
Gary Trent Jr.,75,SF/SG,5,,27,0,0,0,0,0,0,,,,,,,5197500,9817500,22050000,1999-01-18
Hugo Gonzalez,75,SF/SG,1,R,4,2610300,2735000,2735000,,,0,,TO,TO,,,0,4042500,8662500,3729150,2006-02-05
Jeremiah Robinson-Earl,75,PF/C,0,,31,0,0,0,0,0,0,,,,,,0,5197500,9817500,0,
Jevon Carter,75,PG/SG,0,,18,2625000,0,0,0,0,0,,,,,,,6352500,10972500,0,1995-09-14
Josh Green,75,SF/SG,6,,7,14391043,15542326,0,0,0,0,,,,,,0,5197500,9817500,13325040,2000-11-16
Josh Okogie,75,SG/SF,8,,18,12862500,13505625,14180906,14889952,0,0,,,,,,0,6352500,10972500,12250000,1998-09-01
Kentavious Caldwell-Pope,75,SG/SF,5,,15,17496000,0,0,0,0,0,,,,,,0,6352500,10972500,16200000,1993-02-18
Khaman Maluach,75,C,1,R,2,6580200,6893300,6893300,,,0,,TO,TO,,,0,4042500,8662500,9400050,2006-09-14
Kyle Anderson,75,PF/SF,0,,31,0,0,0,0,0,0,,,,,,,6352500,10972500,0,1993-09-20
Myron Gardner,75,SG/SF,0,,31,0,0,0,0,0,0,,,,,,0,5197500,9817500,0,2001-05-21
NaeQwan Tomlin,75,PF,0,,31,0,0,0,0,0,0,,,,,,0,5197500,9817500,0,2000-12-19
Nick Richards,75,C,1,,13,14910000,15655500,16438275,0,0,0,,,PO,,,0,6352500,10972500,0,1997-11-29
Noah Penda,75,PF/SF,1,R,30,1800000,1800000,0,0,0,0,,TO,,,,,4042500,8662500,1800000,2005-01-07
Ochai Agbaji,75,SF/SG,4,R,16,0,0,0,0,0,0,,,,,,0,5197500,9817500,7359057,2000-04-20
Patrick Williams,75,PF/SF,5,,28,14393376,15544846,16788433,0,0,0,,,TO,,,,4620000,8662500,13327200,2001-08-26
Ryan Dunn,75,PF/SF,2,R,25,2310100,4169731,0,0,0,0,,TO,,,,0,4042500,8662500,3307500,2003-01-07
Ryan Nembhard,75,PG,1,,11,2625000,0,0,0,0,0,,,,,,0,4042500,8662500,0,2003-03-10
Sion James,75,SG/SF,1,R,13,2523800,2644100,2644100,,,0,,TO,TO,,,0,6352500,9817500,3605700,2002-12-04
Taylor Hendricks,75,PF/SF,1,R,2,6560736,0,0,0,0,0,,,,,,0,4042500,8662500,9814800,2003-11-22
Tidjane Salaun,75,PF/SF,1,R,2,4095700,6065732,0,0,0,0,,TO,,,,0,4042500,8662500,5864250,2005-08-10
Walter Clayton Jr.,75,PG/SG,1,R,30,3492100,3658600,3658600,,,0,,TO,TO,,,0,4042500,8662500,4989150,2003-03-06
Will Richard,75,SF/SG,1,R,11,1800000,1800000,0,0,0,0,,,,,,,5197500,9817500,1800000,2002-12-24
Yanic Konan Niederhauser,75,C/PF,1,R,12,1800000,1800000,0,,,0,,TO,,,,0,4042500,8662500,1800000,2003-03-14
A.J. Lawson,74,SG/SF,0,,31,0,0,0,0,0,0,,,,,,0,4620000,8662500,0,2000-07-15
Aaron Holiday,74,PG/SG,0,,31,0,0,0,0,0,0,,,,,,0,4042500,9817500,0,1996-09-30
Alec Burks,74,SG/PG,0,,31,0,0,0,0,0,0,,,,,,0,4042500,8085000,0,
Anthony Gill,74,PF/C,0,,31,0,0,0,0,0,0,,,,,,0,4042500,9817500,0,1992-10-17
Bogdan Bogdanovic,74,SG/SF,0,,31,0,0,0,0,0,0,,,,,,,4042500,9817500,0,1992-08-18
Brandon Boston Jr.,74,SF/SG,0,,31,0,0,0,0,0,0,,,,,,,4620000,8662500,0,
Cody Martin,74,SG/SF,0,,31,0,0,0,0,0,0,,,,,,0,4042500,9817500,0,
Craig Porter Jr.,74,PG/SG,0,,31,0,0,0,0,0,0,,,,,,,4620000,8662500,0,2000-02-26
Dalton Knetch,74,SG/SF,1,R,21,4311000,6160419,0,0,0,0,,TO,,,,,5197500,9817500,6172650,
DaQuan Jeffries,74,SF/SG,0,,31,0,0,0,0,0,0,,,,,,0,4042500,9817500,0,
Dario Saric,74,PF/C,1,,12,4410000,4630500,0,0,0,0,,,,,,0,4042500,9817500,0,
Emanuel Miller,74,SF/PF,0,,31,0,0,0,0,0,0,,,,,,0,4620000,8662500,0,2000-06-19
Eric Gordon,74,SG/SF,2,,29,6063750,6366937,0,0,0,0,,PO,,,,0,4042500,8085000,0,
Georges Niang,74,PF,1,,5,2625000,0,0,0,0,0,,,,,,0,4042500,9817500,0,
Jalen Wilson,74,SF/PF,0,,31,0,0,0,0,0,0,,,,,,0,4620000,8662500,0,2000-11-04
Jamal Cain,74,SF/PF,0,,31,0,0,0,0,0,0,,,,,,0,4620000,8662500,0,1999-03-20
Jamaree Bouyea,74,PG/SG,0,,31,0,0,0,0,0,0,,,,,,0,4620000,8662500,0,1999-06-27
Jeremy Sochan,74,PF/C,0,,31,0,0,0,0,0,0,,,,,,,4042500,8662500,0,2003-05-20
Jericho Sims,74,C,1,,25,2650000,0,0,0,0,0,,,,,,,4042500,9817500,0,1998-10-20
Jett Howard,74,SF/SG,3,R,9,2309498,0,0,0,0,0,,,,,,,3500000,3500000,2291100,2003-09-14
John Konchar,74,SG/SF,0,,31,0,0,0,0,0,0,,,,,,0,4042500,9817500,0,1996-03-22
Johnny Furphy,74,SF/SG,0,,31,0,0,0,0,0,0,,,,,,0,3984750,7507500,0,2004-12-07
Jonathan Mogbo,74,PF/C,2,R,7,1800000,0,0,0,0,0,,,,,,,5197500,9817500,2700000,2001-10-29
Kam Jones,74,SG/PG,0,,31,0,0,0,0,0,0,,,,,,,4620000,8662500,0,2002-02-25
Keon Johnson,74,SG/PG,0,,31,0,0,0,0,0,0,,,,,,0,4620000,8662500,0,
Kevon Looney,74,C,0,,31,0,0,0,0,0,0,,,,,,,4042500,9817500,0,1996-02-06
Kris Murray,74,SF/PF,0,,31,0,0,0,0,0,0,,,,,,0,4620000,8662500,0,2000-08-19
L.J. Cryer,74,PG,0,,31,0,0,0,0,0,0,,,,,,0,4620000,8662500,0,2001-10-09
Lonzo Ball,74,PG/SG,0,,31,0,0,0,0,0,0,,,,,,,4042500,9817500,0,
Maxi Kleber,74,PF/C,0,,31,0,0,0,0,0,0,,,,,,0,4042500,9817500,0,1992-01-29
Mohamed Diawara,74,PF/SF,1,R,18,1800000,1800000,0,0,0,0,,TO,,,,,3984750,7507500,1200000,2005-04-29
Mouhamed Gueye,74,PF/C,0,,31,0,0,0,0,0,0,,,,,,,4620000,8662500,0,2002-11-09
Nate Williams Jr,74,SG/SF,0,,31,0,0,0,0,0,0,,,,,,0,4620000,8662500,0,
Nicolas Batum,74,SF/PF,0,,31,0,0,0,0,0,0,,,,,,0,4042500,8085000,0,1988-12-14
Nikola Jovic,74,PF/C,1,,1,6825000,7166250,7524563,0,0,0,,,TO,,,0,3984750,7507500,0,2003-06-09
Rayan Rupert,74,SG/SF,0,,31,0,0,0,0,0,0,,,,,,0,3984750,7507500,0,2004-05-31
Seth Curry,74,PG/SG,0,,31,0,0,0,0,0,0,,,,,,,4042500,8085000,0,1990-08-23
Shake Milton,74,PG/SG,0,,31,0,0,0,0,0,0,,,,,,0,4042500,9817500,0,
Sharife Cooper,74,PG,0,,31,0,0,0,0,0,0,,,,,,0,4620000,8662500,0,2001-06-11
Sidy Cissoko,74,SF/PF,1,,7,2625000,2756250,0,0,0,0,,TO,,,,,4042500,8662500,0,2004-04-02
Terry Rozier,74,PG/SG,0,,31,0,0,0,0,0,0,,,,,,,4042500,9817500,0,
Torrey Craig,74,PF/C,0,,31,0,0,0,0,0,0,,,,,,,4042500,8085000,0,
Tre Mann,74,SG/PG,5,,14,9854803,10347544,10864921,0,0,0,,,TO,,,0,4620000,8662500,9385527,2001-02-03
Trey Lyles,74,PF/C,0,,31,0,0,0,0,0,0,,,,,,0,4042500,9817500,0,
Tyler Kolek,74,PG/SG,1,R,8,1800000,0,0,0,0,0,,,,,,0,4620000,8662500,1800000,2001-03-27
Vincent Williams Jr.,74,SF/PG,1,,10,2625000,0,0,0,0,0,,,,,,,5197500,9817500,0,
Amir Coffey,73,SF/SG,0,,31,0,0,0,0,0,0,,,,,,0,3500000,3500000,0,1997-06-17
Ariel Hukporti,73,C/PF,1,R,19,1800000,0,0,0,0,0,,,,,,0,3500000,3500000,1800000,2002-04-12
Blake Hinson,73,SF/PF,0,,31,0,0,0,0,0,0,,,,,,0,3500000,3500000,0,1999-12-26
Blake Wesley,73,PG/SG,0,,31,0,0,0,0,0,0,,,,,,0,3500000,3500000,0,2003-03-16
Bol Bol,73,PF/C,1,,30,9030000,9481500,0,0,0,0,,TO,,,,0,3500000,3500000,0,
Branden Carlson,73,C,0,,31,0,0,0,0,0,0,,,,,,0,3500000,3500000,0,1999-06-14
Caleb Houstan,73,SF/SG,1,,8,2756250,2894062,0,0,0,0,,TO,,,,0,3500000,3500000,0,2003-01-09
Chaney Johnson,73,SF/PF,0,,31,0,0,0,0,0,0,,,,,,0,3500000,3500000,0,2002-06-20
Chris Boucher,73,PF/C,1,,27,6615000,6945750,0,0,0,0,,TO,,,,0,3500000,3500000,0,
Christian Koloko,73,C,2,R,12,0,0,0,0,0,0,,,,,,0,3500000,3500000,3607653,2000-06-20
Dalano Banton,73,SG/PG,0,,31,0,0,0,0,0,0,,,,,,0,3500000,3500000,0,1999-11-07
Dalen Terry,73,SG/SF,0,,31,0,0,0,0,0,0,,,,,,0,3500000,3500000,0,2002-07-12
Damion Lee,73,SG/SF,0,,31,0,0,0,0,0,0,,,,,,0,3500000,3500000,0,
DaRon Holmes II,73,PF/C,0,,31,0,0,0,0,0,0,,,,,,,3500000,3500000,0,2002-08-15
Delon Wright,73,PG/SG,1,,8,2625000,0,0,0,0,0,,,,,,0,3500000,3500000,0,
Drake Powell,73,SG/SF,1,R,2,2950500,3091100,3091100,,,0,,TO,TO,,,0,3500000,3500000,2810200,2005-09-08
Duop Reath,73,C,0,,31,0,0,0,0,0,0,,,,,,0,3500000,3500000,0,
Dwight Powell,73,C,0,,31,0,0,0,0,0,0,,,,,,,3500000,3500000,0,1991-07-20
Ethan Thompson,73,SG/SF,0,,31,0,0,0,0,0,0,,,,,,0,3500000,3500000,0,1999-05-04
Gabe Vincent,73,PG/SG,0,,31,0,0,0,0,0,0,,,,,,0,3500000,3500000,0,1996-06-14
Garrison Mathews,73,SF/SG,0,,31,0,0,0,0,0,0,,,,,,0,3500000,3500000,0,
Gary Harris,73,SG/PG,0,,31,0,0,0,0,0,0,,,,,,0,3500000,3500000,0,1994-09-14
Haywood Highsmith,73,SF/PF,0,,31,0,0,0,0,0,0,,,,,,0,3500000,3500000,0,1996-12-09
Jaden Hardy,73,PG/SG,0,,31,0,0,0,0,0,0,,,,,,0,3500000,3500000,0,2002-07-05
Jae Crowder,73,SF/PF,1,,15,2625000,0,0,0,0,0,,,,,,0,3500000,3500000,0,
Jaesean Tate,73,SF/PF,0,,31,0,0,0,0,0,0,,,,,,0,3500000,3500000,0,1995-10-28
Jahmai Mashack,73,PG/SG,0,,31,0,0,0,0,0,0,,,,,,0,3500000,3500000,0,2002-11-10
Jalen Pickett,73,PG/SG,0,,31,0,0,0,0,0,0,,,,,,0,3500000,3500000,0,1999-10-22
Jalen Slawson,73,SF/PF,0,,31,0,0,0,0,0,0,,,,,,0,3500000,3500000,0,1999-10-22
Jase Richardson,73,SG/PG,1,R,24,4287800,4492200,4492200,,,0,,TO,TO,,,0,4042500,8662500,6125400,2005-10-16
Jaylen Clark,73,SF/SG,1,R,5,0,0,0,0,0,0,,,,,,0,3500000,3500000,1800000,2001-10-13
Jeff Green,73,PF/P,1,,27,2625000,0,0,0,0,0,,,,,,0,3500000,3500000,0,1986-08-28
Joe Ingles,73,SF/PF,0,,31,0,0,0,0,0,0,,,,,,0,3500000,3500000,0,1987-10-02
Jonathan Isaac,73,PF/C,9,,15,0,0,0,0,0,0,,,,,,0,3500000,3500000,29930757,1997-10-03
Kenyon Martin Jr.,73,PF/SF,0,,31,0,0,0,0,0,0,,,,,,0,3500000,3500000,0,
KJ Simpson,73,PG,0,,31,0,0,0,0,0,0,,,,,,0,3500000,3500000,0,2002-08-08
Kyle Lowry,73,PG/SG,0,,31,0,0,0,0,0,0,,,,,,0,3500000,3500000,0,1986-03-25
Larry Nance Jr.,73,C/PF,0,,31,0,0,0,0,0,0,,,,,,0,3500000,3500000,0,1993-01-01
Leaky Black,73,PG/SG,0,,31,0,0,0,0,0,0,,,,,,0,3500000,3500000,0,1999-06-14
Lindy Waters III,73,SG/SF,0,,31,0,0,0,0,0,0,,,,,,0,3500000,3500000,0,1997-07-28
Micah Potter,73,PF/C,0,,31,0,0,0,0,0,0,,,,,,0,3500000,3500000,0,1998-04-06
Moussa Cisse,73,C,1,-,20,2625000,0,0,0,0,0,,,,,,0,3500000,3500000,0,2002-09-10
Nick Smith Jr.,73,SG/PG,0,,31,0,0,0,0,0,0,,,,,,0,3500000,3500000,0,2004-04-18
Nikola Topic,73,PG/SG,2,R,17,3511200,5393203,0,0,0,0,,TO,,,,,3500000,3500000,3151600,2005-08-10
Oscar Tshiebwe,73,C/PF,0,,31,0,0,0,0,0,0,,,,,,0,3500000,3500000,0,1999-11-27
Pat Connaughton,73,SF/SG,0,,31,0,0,0,0,0,0,,,,,,0,3500000,3500000,0,1993-01-06
Reggie Jackson,73,PG/SG,0,,31,0,0,0,0,0,0,,,,,,0,3500000,3500000,0,
Richaun Holmes,73,C,0,,31,0,0,0,0,0,0,,,,,,0,3500000,3500000,0,
Rob Dillingham,73,PG/SG,2,R,22,5757900,7324049,0,0,0,0,,TO,,,,,3500000,3500000,5496200,2005-01-04
Ron Harper Jr.,73,SG/SF,0,,31,0,0,0,0,0,0,,,,,,0,3500000,3500000,0,2000-04-12
Spencer Jones,73,SF/SG,1,,11,2625000,2756250,0,0,0,0,,TO,,,,0,3500000,3500000,0,2001-06-14
Taelon Peter,73,PG/SG,0,,31,0,0,0,0,0,0,,,,,,0,3500000,3500000,0,2002-02-27
Talen Horton-Tucker,73,SG/SF,0,,31,0,0,0,0,0,0,,,,,,0,3500000,3500000,0,
Tony Bradley,73,C,0,,18,2625000,0,0,0,0,0,,,,,,0,3500000,3500000,0,1998-01-08
Trayce Jackson-Davis,73,C/PF,0,,31,0,0,0,0,0,0,,,,,,0,3500000,3500000,0,2000-02-22
Tyrese Martin,73,SG/PG,0,,31,0,0,0,0,0,0,,,,,,0,3500000,3500000,0,1999-03-07
Tyrese Proctor,73,SG/PG,1,R,23,1800000,1800000,0,,,0,,TO,,,,0,3500000,3500000,1200000,2004-04-01
Tyus Jones,73,PG,1,,21,9702000,0,0,0,0,0,,,,,,0,3500000,3500000,0,1996-05-10
AJ Johnson,72,SG/PG,1,R,23,2705500,4591234,0,0,0,0,,TO,,,,0,3500000,3500000,2582900,2004-12-01
Andre Jackson Jr.,72,SG/SF,3,R,28,0,0,0,0,0,0,,,,,,,3500000,3500000,1800000,2001-11-13
Cam Reddish,72,SF/SG,3,,4,15049125,0,0,0,0,0,,,,,,0,3500000,3500000,14332500,
Charles Bassey,72,C,5,,10,6181920,6676473,0,0,0,0,,TO,,,,0,3500000,3500000,5724000,2000-10-28
Christian Wood,72,C/PF,11,,8,27852232,30080410,0,0,0,0,,TO,,,,0,3500000,3500000,25789104,
Cormac Ryan,72,SG/SF,0,,31,0,0,0,0,0,0,,,,,,0,3500000,3500000,0,1998-10-26
Cory Joseph,72,PG/SG,0,,31,0,0,0,0,0,0,,,,,,0,3500000,3500000,0,
Daniel Theis,72,C,0,,31,0,0,0,0,0,0,,,,,,0,3500000,3500000,0,
Dariq Whitehead,72,SG/SF,0,,31,0,0,0,0,0,0,,,,,,0,3500000,3500000,0,2004-08-01
Elijah Harkless,72,PG/SG,0,,31,0,0,0,0,0,0,,,,,,0,3500000,3500000,0,2000-02-03
Jabari Walker,72,PF/SF,3,,29,4200000,4410000,4630500,0,0,0,,,PO,,,0,3500000,3500000,4000000,2002-07-30
James Wiseman,72,C,1,,23,16978500,17827425,0,0,0,0,,,,,,0,3500000,3500000,0,
Jared Butler,72,PG,0,,31,0,0,0,0,0,0,,,,,,0,3500000,3500000,0,
Joan Beringer,72,C,1,R,23,3869600,4054100,4054100,,,0,,TO,TO,,,0,3500000,3500000,3685300,2006-11-11
Jordan Hawkins,72,SG/PG,0,,31,0,0,0,0,0,0,,,,,,0,3500000,3500000,0,2002-04-29
Jordan McLaughlin,72,PG,0,,31,0,0,0,0,0,0,,,,,,0,3500000,3500000,0,1996-04-09
Julian Phillips,72,SF/PF,0,,31,0,0,0,0,0,0,,,,,,0,3500000,3500000,0,2003-11-05
Keaton Wallace,72,PG/SG,1,,6,2625000,2756250,0,0,0,0,,TO,,,,0,3500000,3500000,0,1999-02-26
Keshad Johnson,72,PF/SF,0,,31,0,0,0,0,0,0,,,,,,0,3500000,3500000,0,2001-06-23
Kessler Edwards,72,C/PF,0,,31,0,0,0,0,0,0,,,,,,0,3500000,3500000,0,
Killian Hayes,72,PG/SG,0,,31,0,0,0,0,0,0,,,,,,0,3500000,3500000,0,2001-07-27
Liam McNeeley,72,SF/SG,1,R,15,1800000,1800000,0,,,0,,TO,,,,0,3500000,3500000,1200000,2005-10-10
Lonnie Walker,72,SG/SF,7,,2,6415200,6928416,0,0,0,0,,,,,,0,3500000,3500000,5940000,
Malachi Smith,72,PG/SG,0,,31,0,0,0,0,0,0,,,,,,0,3500000,3500000,0,1999-12-06
Malaki Branham,72,SG/PG,0,,31,0,0,0,0,0,0,,,,,,0,3500000,3500000,0,
Micah Peavy,72,SF/SG,0,,31,0,0,0,0,0,0,,,,,,0,3500000,3500000,0,2001-07-16
Monte Morris,72,PG/SG,0,,31,0,0,0,0,0,0,,,,,,0,3500000,3500000,0,
Noa Essengue,72,PF/SF,1,R,14,3201400,3353700,3353700,,,0,,TO,TO,,,0,3500000,3500000,3049000,2006-12-18
Orlando Robinson,72,C,0,,31,0,0,0,0,0,0,,,,,,,3500000,3500000,0,
P.J. Hall,72,C/PF,0,,31,0,0,0,0,0,0,,,,,,0,3500000,3500000,0,2002-02-21
Ricky Council IV,72,SF/SG,0,,31,0,0,0,0,0,0,,,,,,0,3500000,3500000,0,
Tosan Evbuomwan,72,PF/SF,0,,31,0,0,0,0,0,0,,,,,,0,3500000,3500000,0,2001-02-16
Tyson Etienne,72,PG/SG,0,,31,0,0,0,0,0,0,,,,,,0,3500000,3500000,0,1999-09-17
Xavier Tillman Sr.,72,PF/C,0,,31,0,0,0,0,0,0,,,,,,0,3500000,3500000,0,
Yuki Kawamura,72,PG,0,,31,0,0,0,0,0,0,,,,,,0,3500000,3500000,0,2001-05-02
Zeke Nnaji,72,C/PF,0,,31,0,0,0,0,0,0,,,,,,0,3500000,3500000,0,2001-01-09
Alijah Martin,71,SG/PG,1,R,11,1800000,1800000,0,0,0,0,,TO,,,,0,3500000,3500000,1200000,2001-12-26
Bronny James,71,SG/PG,2,R,10,2493700,4491154,0,0,0,0,,TO,,,,0,3500000,3500000,2379900,2004-10-06
Colby Jones,71,SG/SF,0,,31,0,0,0,0,0,0,,,,,,0,3500000,3500000,0,
David Jones-Garcia,71,SF/SG,0,,31,0,0,0,0,0,0,,,,,,0,3500000,3500000,0,
David Roddy,71,SF/PF,0,,31,0,0,0,0,0,0,,,,,,0,3500000,3500000,0,2001-03-27
Doug McDermott,71,SF/PF,0,,31,0,0,0,0,0,0,,,,,,0,3500000,3500000,0,1992-01-03
Drew Timme,71,C/PF,0,,31,0,0,0,0,0,0,,,,,,0,3500000,3500000,0,2000-09-09
Isaac Jones,71,PF/C,0,,31,0,0,0,0,0,0,,,,,,0,3500000,3500000,0,2000-04-11
Isaiah Livers,71,PF/SF,0,,31,0,0,0,0,0,0,,,,,,0,3500000,3500000,0,1998-07-28
Jaden Springer,71,SG/SF,0,,31,0,0,0,0,0,0,,,,,,0,3500000,3500000,0,
Jalen McDaniels,71,PF/SF,0,,31,0,0,0,0,0,0,,,,,,0,3500000,3500000,0,
Jeff Dowtin,71,PG/SG,0,,31,0,0,0,0,0,0,,,,,,0,3500000,3500000,0,
John Poulakidas,71,SG/SF,0,,31,0,0,0,0,0,0,,,,,,0,3500000,3500000,0,2003-04-04
Josh Richardson,71,PG/SG,0,,31,0,0,0,0,0,0,,,,,,0,3500000,3500000,0,
Kevin McCullar Jr.,71,SG/SF,0,,31,0,0,0,0,0,0,,,,,,0,3500000,3500000,0,2001-03-15
Kobe Bufkin,71,PG/SG,0,,31,0,0,0,0,0,0,,,,,,0,3500000,3500000,0,
Lamar Stevens,71,PF/SF,0,,31,0,0,0,0,0,0,,,,,,0,3500000,3500000,0,
Mac McClung,71,PG/SG,0,,31,0,0,0,0,0,0,,,,,,0,3500000,3500000,0,1999-01-06
Markelle Fultz,71,PG/SG,0,,31,0,0,0,0,0,0,,,,,,0,3500000,3500000,0,
Mohamed Bamba,71,C,0,,31,0,0,0,0,0,0,,,,,,0,3500000,3500000,0,
P.J. Tucker,71,PF/SF,0,,31,0,0,0,0,0,0,,,,,,,3500000,3500000,0,
Patrick Baldwin Jr.,71,SF/SG,0,,31,0,0,0,0,0,0,,,,,,0,3500000,3500000,0,2002-11-18
Patty Mills,71,PG/SG,0,,31,0,0,0,0,0,0,,,,,,0,3500000,3500000,0,
Terry Taylor,71,PF/C,0,,31,0,0,0,0,0,0,,,,,,0,3500000,3500000,0,
Thomas Sorber,71,C/PF,1,R,22,4751000,4977300,4977300,,,0,,TO,TO,,,0,3500000,3500000,4524600,2005-12-25
Trevelin Queen,71,SG,0,,31,0,0,0,0,0,0,,,,,,0,3500000,3500000,0,
Trey Jemison,71,C,0,,31,0,0,0,0,0,0,,,,,,0,3500000,3500000,0,
Vlatko Cancar,71,PF/SF,0,,31,0,0,0,0,0,0,,,,,,0,3500000,3500000,0,
Adou Thiero,70,SF/PF,1,R,23,2451200,2568200,2568200,,,0,,TO,TO,,,0,3500000,3500000,2334400,2004-05-08
Alex Len,70,C,0,,31,0,0,0,0,0,0,,,,,,0,3500000,3500000,0,
Antonio Reeves,70,SG/SF,1,,28,2625000,0,0,0,0,0,,,,,,0,3500000,3500000,0,2000-11-20
Bismack Biyombo,70,C,0,,31,0,0,0,0,0,0,,,,,,,3500000,3500000,0,1992-08-28
Bruno Fernando,70,C,0,,31,0,0,0,0,0,0,,,,,,0,3500000,3500000,0,
Chuma Okeke,70,PF/SF,0,,31,0,0,0,0,0,0,,,,,,0,3500000,3500000,0,
Cody Zeller,70,C,0,,31,0,0,0,0,0,0,,,,,,0,3500000,3500000,0,
Cole Swider,70,PF,0,,31,0,0,0,0,0,0,,,,,,0,3500000,3500000,0,
Colin Castleton,70,PG/SG,0,,31,0,0,0,0,0,0,,,,,,0,3500000,3500000,0,2000-05-25
EJ Liddell,70,PG/SG,0,,31,0,0,0,0,0,0,,,,,,0,3500000,3500000,0,2000-12-18
Garrett Temple,70,SG/SF,0,,31,0,0,0,0,0,0,,,,,,0,3500000,3500000,0,1986-05-08
Hunter Tyson,70,PF/SF,0,,31,0,0,0,0,0,0,,,,,,0,3500000,3500000,0,
J.T. Thor,70,PF/SF,0,,31,0,0,0,0,0,0,,,,,,0,3500000,3500000,0,
Jalen Hood-Schifino,70,PG/SG,0,,31,0,0,0,0,0,0,,,,,,0,3500000,3500000,0,
James Johnson,70,PF/C,0,,31,0,0,0,0,0,0,,,,,,0,3500000,3500000,0,
Jaylen Nowell,70,PG/SG,0,,31,0,0,0,0,0,0,,,,,,0,3500000,3500000,0,
Johni Broome,70,PF/C,1,R,8,1800000,1800000,0,,,0,,TO,,,,0,3500000,3500000,1200000,2002-07-19
Johnny Davis,70,SG/SF,0,,31,0,0,0,0,0,0,,,,,,0,3500000,3500000,0,
Josh Christopher,70,SG/PG,0,,31,0,0,0,0,0,0,,,,,,0,3500000,3500000,0,
Kai Jones,70,C/PF,0,,31,0,0,0,0,0,0,,,,,,0,3500000,3500000,0,
Kevin Knox,70,PF/SF,0,,31,0,0,0,0,0,0,,,,,,0,3500000,3500000,0,
Lachlan Olbrich,70,PF/C,0,,31,0,0,0,0,0,0,,,,,,0,3500000,3500000,0,2003-12-30
Leonard Miller,70,PF/SF,0,,31,0,0,0,0,0,0,,,,,,0,3500000,3500000,0,2003-11-26
Lester Quiñones,70,PG/SG,0,,31,0,0,0,0,0,0,,,,,,0,3500000,3500000,0,
Malachi Flynn,70,PG,0,,31,0,0,0,0,0,0,,,,,,0,3500000,3500000,0,
Malevy Leons,70,PF/C,0,,31,0,0,0,0,0,0,,,,,,0,3500000,3500000,0,1999-09-23
MarJon Beauchamp,70,SF/SG,0,,31,0,0,0,0,0,0,,,,,,0,3500000,3500000,0,2000-10-12
Markieff Morris,70,PF/C,0,,31,0,0,0,0,0,0,,,,,,0,3500000,3500000,0,
Matt Ryan,70,SF/SG,0,,31,0,0,0,0,0,0,,,,,,0,3500000,3500000,0,
Maxwell Lewis,70,SF/SG,0,,31,0,0,0,0,0,0,,,,,,0,3500000,3500000,0,
Moses Brown,70,C,0,,31,0,0,0,0,0,0,,,,,,0,3500000,3500000,0,
Oshae Brissett,70,PF,0,,31,0,0,0,0,0,0,,,,,,0,3500000,3500000,0,
P.J. Dozier,70,SF/SG,0,,31,0,0,0,0,0,0,,,,,,0,3500000,3500000,0,
Taj Gibson,70,C,0,,31,0,0,0,0,0,0,,,,,,0,3500000,3500000,0,1985-06-24
Tristan Thompson,70,C,0,,31,0,0,0,0,0,0,,,,,,,3500000,3500000,0,
TyTy Washington Jr.,70,PG,0,,31,0,0,0,0,0,0,,,,,,0,3500000,3500000,0,2001-11-15
Wendell Moore Jr.,70,SG/SF,0,,31,0,0,0,0,0,0,,,,,,0,3500000,3500000,0,2001-09-18
Yang Hansen,70,C,1,R,17,2832900,2967400,2967400,,,0,,TO,TO,,,0,3500000,3500000,2597900,2005-06-26
Amari Williams,69,C/PF,1,R,5,1800000,1800000,0,0,0,0,,TO,,,,,3500000,3500000,1200000,2002-01-28
Bez Mbeng,69,SG/PG,0,,31,0,0,0,0,0,0,,,,,,0,3500000,3500000,0,2002-05-02
Bobi Klintman,69,PF/SF,0,,31,0,0,0,0,0,0,,,,,,0,3500000,3500000,0,
Brooks Barnhizer,69,SF/SG,1,R,22,1800000,1800000,0,0,0,0,,TO,,,,,3500000,3500000,1200000,2002-03-02
Daishen Nix,69,PG/SG,0,,31,0,0,0,0,0,0,,,,,,0,3500000,3500000,0,
David Duke,69,SF/SG,0,,31,0,0,0,0,0,0,,,,,,0,3500000,3500000,0,
Dillon Jones,69,PF/C,2,R,29,2341600,4224246,0,0,0,0,,TO,,,,,3500000,3500000,2234900,2001-10-29
Enrique Freeman,69,PF/C,0,,31,0,0,0,0,0,0,,,,,,0,3500000,3500000,0,2000-07-29
Eugene Omoruyi,69,C/PF,0,,31,0,0,0,0,0,0,,,,,,0,3500000,3500000,0,
Harrison Ingram,69,PF/SF,0,,31,0,0,0,0,0,0,,,,,,0,3500000,3500000,0,2002-11-27
J.D. Davison,69,PG/SG,0,,31,0,0,0,0,0,0,,,,,,0,3500000,3500000,0,2002-10-03
Jason Preston,69,PG/SG,0,,31,0,0,0,0,0,0,,,,,,0,3500000,3500000,0,
John Tonje,69,SG/SF,0,,31,0,0,0,0,0,0,,,,,,0,3500000,3500000,0,2001-04-23
Kendall Brown,69,PG/SG,0,,31,0,0,0,0,0,0,,,,,,0,3500000,3500000,0,
Mason Jones,69,SG/PG,0,,31,0,0,0,0,0,0,,,,,,0,3500000,3500000,0,
Pacome Dadiet,69,SF/PF,0,,31,0,0,0,0,0,0,,,,,,0,3500000,3500000,0,2005-07-27
Thanasis Antetokounmpo,69,PF/C,0,,31,0,0,0,0,0,0,,,,,,0,3500000,3500000,0,1992-07-18
Tyler Smith,69,C/PF,2,R,28,1800000,0,0,0,0,0,,,,,,0,3500000,3500000,1800000,2004-11-02
Alex Antetokounmpo,68,SF/PF,0,,31,0,0,0,0,0,0,,,,,,0,3500000,3500000,0,2001-08-27
Alex Morales,68,SG/SF,0,,31,0,0,0,0,0,0,,,,,,0,3500000,3500000,0,1997-11-21
Alex Toohey,68,SF/PF,0,,31,0,0,0,0,0,0,,,,,,0,3500000,3500000,0,
Anton Watson,68,PF/SF,0,,31,0,0,0,0,0,0,,,,,,0,3500000,3500000,0,
C.J. Huntley,68,PF/C,0,,31,0,0,0,0,0,0,,,,,,0,3500000,3500000,0,2002-01-06
Cameron Christie,68,SG/SF,0,,31,0,0,0,0,0,0,,,,,,0,3500000,3500000,0,
"Charlie Brown, Jr.",68,SG/SF,0,,31,0,0,0,0,0,0,,,,,,0,3500000,3500000,-,
Chaz Lanier,68,SG/SF,1,R,3,0,0,0,,,0,,,,,,0,3500000,3500000,1200000,2001-12-19
Chris Manon,68,SG/SF,0,,31,0,0,0,0,0,0,,,,,,0,3500000,3500000,0,2001-12-09
Chris Youngblood,68,SG/SF,0,,31,0,0,0,0,0,0,,,,,,0,3500000,3500000,0,2002-02-09
Chucky Hepburn,68,PG,0,,31,0,0,0,0,0,0,,,,,,0,3500000,3500000,0,2003-02-09
Curtis Jones,68,SG/PG,0,,31,0,0,0,0,0,0,,,,,,0,3500000,3500000,0,2001-10-02
Daeqwon Plowden,68,SF/SG,0,,31,0,0,0,0,0,0,,,,,,0,3500000,3500000,0,1998-08-29
Emoni Bates,68,SF/SG,0,,31,0,0,0,0,0,0,,,,,,0,3500000,3500000,0,
Hayden Gray,68,SG/PG,0,,31,0,0,0,0,0,0,,,,,,0,3500000,3500000,0,2003-05-11
Hunter Dickinson,68,C,0,,31,0,0,0,0,0,0,,,,,,0,3500000,3500000,0,2000-11-25
Isaiah Crawford,68,SF/SG,0,,31,0,0,0,0,0,0,,,,,,0,3500000,3500000,0,2001-11-01
Isaiah Stevens,68,PG/SG,0,,31,0,0,0,0,0,0,,,,,,0,3500000,3500000,0,2000-11-01
Jayson Kent,68,SF/PF,0,,31,0,0,0,0,0,0,,,,,,0,3500000,3500000,0,2002-02-03
Josh Oduro,68,PF/C,0,,31,0,0,0,0,0,0,,,,,,0,3500000,3500000,0,2000-10-14
Keshon Gilbert,68,SG/SF,0,,31,0,0,0,0,0,0,,,,,,0,3500000,3500000,0,2003-06-30
Koby Brea,68,SG/SF,1,R,13,1800000,1800000,0,,,0,,TO,,,,0,3500000,3500000,1200000,2002-11-06
Max Shulga,68,PG/SG,0,,31,0,0,0,0,0,0,,,,,,0,3500000,3500000,0,2002-06-25
Nikola Djurisic,68,SG/SF,0,,31,0,0,0,0,0,0,,,,,,0,3500000,3500000,0,
Norchad Omier,68,PF/C,0,,31,0,0,0,0,0,0,,,,,,0,3500000,3500000,0,2001-08-28
Olivier Sarr,68,C,0,,31,0,0,0,0,0,0,,,,,,0,3500000,3500000,0,1999-02-20
Payton Sandfort,68,SF/SG,0,,31,0,0,0,0,0,0,,,,,,0,3500000,3500000,0,2002-07-12
Rocco Zikarsky,68,C,0,,31,0,0,0,,,0,,TO,,,,0,3500000,3500000,0,2006-07-11
Sean Pedulla,68,PG,0,,31,0,0,0,0,0,0,,,,,,0,3500000,3500000,0,2002-10-10
Trevor Keels,68,SG,0,,31,0,0,0,0,0,0,,,,,,0,3500000,3500000,0,2003-08-26
Trey Alexander,68,SG/PG,0,,31,0,0,0,0,0,0,,,,,,0,3500000,3500000,0,2003-05-02
Tristan Enaruna,68,SF/SG,0,,31,0,0,0,0,0,0,,,,,,0,3500000,3500000,0,2001-06-26
Tristen Newton,68,PG/SG,0,,31,0,0,0,0,0,0,,,,,,0,3500000,3500000,0,2001-04-26
Ulrich Chomche,68,C/PF,0,,31,0,0,0,0,0,0,,,,,,0,3500000,3500000,0,
Vladislav Goldin,68,C,0,,31,0,0,0,0,0,0,,,,,,0,3500000,3500000,0,2001-05-12
Alondes Williams,67,PG/SG,0,,31,0,0,0,0,0,0,,,,,,0,3500000,3500000,0,
Braxton Key,67,SG/SF,0,,31,0,0,0,0,0,0,,,,,,0,3500000,3500000,0,
Jahmir Young,67,PG,0,,31,0,0,0,0,0,0,,,,,,0,3500000,3500000,0,2000-10-07
Miles Norris,67,PF/SF,0,,31,0,0,0,0,0,0,,,,,,0,3500000,3500000,0,
Mouhamadou Gueye,67,C/PF,0,,31,0,0,0,0,0,0,,,,,,0,3500000,3500000,0,1998-07-06
Pete Nance,67,PF/C,0,,31,0,0,0,0,0,0,,,,,,0,3500000,3500000,0,2000-02-19
RayJ Dennis,67,PG/SG,0,,31,0,0,0,0,0,0,,,,,,0,3500000,3500000,0,2001-03-30
Riley Minix,67,SF/PF,0,,31,0,0,0,0,0,0,,,,,,0,3500000,3500000,0,2000-09-22
Tolu Smith,67,PF/C,0,,31,0,0,0,0,0,0,,,,,,0,3500000,3500000,0,2000-07-26
Zyon Pullin,67,PG/SG,0,,31,0,0,0,0,0,0,,,,,,0,3500000,3500000,0,2001-03-03
A.J. Dybantsa,60,PG,0,R,7,11030100,11581900,12133600,15312603,0,0,,,TO,TO,,,,,,2007-01-01
Aday Mara,60,PG,0,R,23,5646500,5929100,6211400,7913324,0,0,,,TO,TO,,,,,,2005-01-01
Alex Karaban,60,PG,0,R,13,2200000,2400000,2600000,0,0,0,,TO,TO,,,,,,,2003-01-01
Allen Graves,60,PG,0,R,19,2464500,2587600,2711000,4893355,0,0,,,TO,TO,,,,,,2006-01-01
Baba Miller,60,PG,0,R,20,2572100,2700500,2829200,5101048,0,0,,,TO,TO,,,,,,2002-01-01
Bennett Stirtz,60,PG,0,R,17,2200000,2400000,2600000,0,0,0,,TO,TO,,,,,,,2002-01-01
Braden Smith,60,PG,0,R,12,2200000,2400000,2600000,0,0,0,,TO,TO,,,,,,,2003-01-01
Brayden Burries,60,PG,0,R,18,5364300,5632400,5900300,7522882,0,0,,,TO,TO,,,,,,2005-01-01
Bruce Thornton,60,PG,0,R,22,2200000,2400000,2600000,0,0,0,,TO,TO,,,,,,,2003-01-01
Caleb Wilson,60,PG,0,R,21,8930600,9377300,9823900,12427234,0,0,,,TO,TO,,,,,,2006-01-01
Cameron Boozer,60,PG,0,R,15,9905400,10400300,10896000,13772544,0,0,,,TO,TO,,,,,,2007-01-01
Cameron Carr,60,PG,0,R,25,4841400,5083600,5325700,7338815,0,0,,,TO,TO,,,,,,2004-01-01
Chris Cenac Jr.,60,PG,0,R,25,3398600,3568400,3738700,5757598,0,0,,,TO,TO,,,,,,2007-01-01
Christian Anderson Jr.,60,PG,0,R,6,3558900,3736500,3914700,6020809,0,0,,,TO,TO,,,,,,2006-01-01
Dailyn Swain,60,PG,0,R,4,4150700,4358200,4565700,6999218,0,0,,,TO,TO,,,,,,2005-01-01
Darius Acuff Jr.,60,PG,0,R,20,8087300,8491300,8895800,11270979,0,0,,,TO,TO,,,,,,2006-01-01
Darryn Peterson,60,PG,0,R,4,12328100,12944800,13561000,17100421,0,0,,,TO,TO,,,,,,2007-01-01
Dillon Mitchell,60,PG,0,R,5,2200000,2400000,2600000,0,0,0,,TO,TO,,,,,,,2003-01-01
Ebuka Okorie,60,PG,0,R,3,3006900,3157100,3307500,5440838,0,0,,,TO,TO,,,,,,2007-01-01
Emanuel Sharp,60,PG,0,R,6,2200000,2400000,2600000,0,0,0,,TO,TO,,,,,,,2004-01-01
Felix Okpara,60,PG,0,R,8,2200000,2400000,2600000,0,0,0,,TO,TO,,,,,,,2004-01-01
Hannes Steinbach,60,PG,0,R,28,3745900,3933300,4120600,6329242,0,0,,,TO,TO,,,,,,2006-01-01
Henri Veesaar,60,PG,0,R,1,2200000,2400000,2600000,0,0,0,,TO,TO,,,,,,,2004-01-01
Isaiah Evans,60,PG,0,R,30,2771400,2909900,3048400,5331652,0,0,,,TO,TO,,,,,,2005-01-01
Izaiyah Nelson,60,PG,0,R,16,2200000,2400000,2600000,0,0,0,,TO,TO,,,,,,,2003-01-01
Ja'Kobi Gillespie,60,PG,0,R,9,2200000,2400000,2600000,0,0,0,,TO,TO,,,,,,,2002-01-01
Jack Kayil,60,PG,0,R,10,2200000,2400000,2600000,0,0,0,,TO,TO,,,,,,,2006-01-01
Jaden Bradley,60,PG,0,R,27,2200000,2400000,2600000,0,0,0,,TO,TO,,,,,,,2004-01-01
Jayden Quaintance,60,PG,0,R,4,3132000,3288800,3445400,5488522,0,0,,,TO,TO,,,,,,2007-01-01
Joshua Jefferson,60,PG,0,R,24,2446500,2568800,2691400,4857977,0,0,,,TO,TO,,,,,,2002-01-01
Karim López,60,PG,0,R,11,2660100,2793000,2926500,5270627,0,0,,,TO,TO,,,,,,2007-01-01
Keaton Wagler,60,PG,0,R,21,7345200,7712500,8080000,10245440,0,0,,,TO,TO,,,,,,2007-01-01
Kingston Flemings,60,PG,0,R,3,6142900,6450100,6757300,8595286,0,0,,,TO,TO,,,,,,2007-01-01
Koa Peat,60,PG,0,R,29,2200000,2400000,2600000,0,0,0,,TO,TO,,,,,,,2007-01-01
Labaron Philon Jr.,60,PG,0,R,4,4369500,4587900,4806600,7118575,0,0,,,TO,TO,,,,,,2005-01-01
Maliq Brown,60,PG,0,R,16,2200000,2400000,2600000,0,0,0,,TO,TO,,,,,,,2003-01-01
Meleek Thomas,60,PG,0,R,29,2200000,2400000,2600000,0,0,0,,TO,TO,,,,,,,2006-01-01
Mikel Brown Jr.,60,PG,0,R,14,6705400,7040800,7375800,9367266,0,0,,,TO,TO,,,,,,2006-01-01
Morez Johnson Jr.,60,PG,0,R,26,5095900,5351000,5605800,7438897,0,0,,,TO,TO,,,,,,2006-01-01
Narcisse Ngoy,60,PG,0,R,26,2200000,2400000,2600000,0,0,0,,TO,TO,,,,,,,2004-01-01
Nate Ament,60,PG,0,R,23,4599100,4829300,5059200,7229597,0,0,,,TO,TO,,,,,,2006-01-01
Otega Oweh,60,PG,0,R,11,2200000,2400000,2600000,0,0,0,,TO,TO,,,,,,,2004-01-01
Richie Saunders,60,PG,0,R,6,2482300,2606800,2730900,4929275,0,0,,,TO,TO,,,,,,2001-01-01
Ryan Conwell,60,PG,0,R,26,2200000,2400000,2600000,0,0,0,,TO,TO,,,,,,,2003-01-01
Sergio de Larrea,60,PG,0,R,23,3262400,3425500,3588400,5533313,0,0,,,TO,TO,,,,,,2005-01-01
Tarris Reed Jr.,60,PG,0,R,14,2497800,2622800,2747900,4957212,0,0,,,TO,TO,,,,,,2004-01-01
Trevon Brazile,60,PG,0,R,13,2200000,2400000,2600000,0,0,0,,TO,TO,,,,,,,2003-01-01
Trey Kaufman-Renn,60,PG,0,R,7,2200000,2400000,2600000,0,0,0,,TO,TO,,,,,,,2003-01-01
Tyler Bilodeau,60,PG,0,R,16,2200000,2400000,2600000,0,0,0,,TO,TO,,,,,,,2002-01-01
Ugonna Onyenso,60,PG,0,R,3,2200000,2400000,2600000,0,0,0,,TO,TO,,,,,,,2004-01-01
Yaxel Lendeborg,60,PG,0,R,30,3943300,4140500,4337800,6654185,0,0,,,TO,TO,,,,,,2003-01-01
Zuby Ejiofor,60,PG,0,R,17,2886700,3031200,3175100,5388145,0,0,,,TO,TO,,,,,,2003-01-01
Tyler Nickel,60,PG,0,R,10,2200000,2400000,2600000,0,0,0,,TO,TO,,,,,,,2003-01-01
Robbie Avila,60,PG,0,R,7,2200000,2400000,2600000,0,0,0,,TO,TO,,,,,,,2002-01-01
Jaron Pierre Jr,60,PG,0,R,20,2200000,2400000,2600000,0,0,0,,TO,TO,,,,,,,2002-01-01
Malique Lewis,60,PG,0,R,27,2200000,2400000,2600000,0,0,0,,TO,TO,,,,,,,2004-01-01
Tobi Lawal,60,PG,0,R,8,2200000,2400000,2600000,0,0,0,,TO,TO,,,,,,,2002-01-01
Vsevolod Ishchenko,60,PG,0,R,3,2200000,2400000,2600000,0,0,0,,TO,TO,,,,,,,2005-01-01
